date,article_name,article_id,article_type,create_date,read_num,comment_num,article_url,record_time
2018-12-29,python 自定义图例（legend）,python 自定义图例（legend）,原,2018-09-03 20:05:17,580,0,https://blog.csdn.net/liuchengzimozigreat/article/details/82353298,2018-12-29 17:25:30
2018-12-30,article_id,python 自定义图例（legend）,原,2018-09-03 20:05:17,582,0,https://blog.csdn.net/liuchengzimozigreat/article/details/82353298,2018-12-30 14:06:33
2018-12-31,article_id,python 自定义图例（legend）,原,2018-09-03 20:05:17,584,0,https://blog.csdn.net/liuchengzimozigreat/article/details/82353298,2018-12-31 18:45:51
2019-01-01,article_id,python 自定义图例（legend）,原,2018-09-03 20:05:17,586,0,https://blog.csdn.net/liuchengzimozigreat/article/details/82353298,2019-01-01 16:07:03
2019-01-02,article_id,python 自定义图例（legend）,原,2018-09-03 20:05:17,593,0,https://blog.csdn.net/liuchengzimozigreat/article/details/82353298,2019-01-02 16:47:04
2019-01-03,article_id,python 自定义图例（legend）,原,2018-09-03 20:05:17,599,0,https://blog.csdn.net/liuchengzimozigreat/article/details/82353298,2019-01-03 16:15:25
2019-01-04,article_id,python 自定义图例（legend）,原,2018-09-03 20:05:17,607,0,https://blog.csdn.net/liuchengzimozigreat/article/details/82353298,2019-01-04 16:15:54
2019-01-05,article_id,python 自定义图例（legend）,原,2018-09-03 20:05:17,615,0,https://blog.csdn.net/liuchengzimozigreat/article/details/82353298,2019-01-05 20:00:36
2019-01-06,article_id,python 自定义图例（legend）,原,2018-09-03 20:05:17,622,0,https://blog.csdn.net/liuchengzimozigreat/article/details/82353298,2019-01-06 18:54:52
2019-01-07,article_id,python 自定义图例（legend）,原,2018-09-03 20:05:17,628,0,https://blog.csdn.net/liuchengzimozigreat/article/details/82353298,2019-01-07 16:13:04
2019-01-08,article_id,python 自定义图例（legend）,原,2018-09-03 20:05:17,639,0,https://blog.csdn.net/liuchengzimozigreat/article/details/82353298,2019-01-08 17:30:18
2019-01-09,article_id,python 自定义图例（legend）,原,2018-09-03 20:05:17,650,0,https://blog.csdn.net/liuchengzimozigreat/article/details/82353298,2019-01-09 16:33:22
2019-01-10,article_id,python 自定义图例（legend）,原,2018-09-03 20:05:17,660,0,https://blog.csdn.net/liuchengzimozigreat/article/details/82353298,2019-01-10 16:13:49
2019-01-12,article_id,python 自定义图例（legend）,原,2018-09-03 20:05:17,672,0,https://blog.csdn.net/liuchengzimozigreat/article/details/82353298,2019-01-12 19:25:41
2019-01-13,article_id,python 自定义图例（legend）,原,2018-09-03 20:05:17,677,0,https://blog.csdn.net/liuchengzimozigreat/article/details/82353298,2019-01-13 16:20:54
2019-01-14,article_id,python 自定义图例（legend）,原,2018-09-03 20:05:17,688,0,https://blog.csdn.net/liuchengzimozigreat/article/details/82353298,2019-01-14 21:36:24
2019-01-15,article_id,python 自定义图例（legend）,原,2018-09-03 20:05:17,699,0,https://blog.csdn.net/liuchengzimozigreat/article/details/82353298,2019-01-15 21:33:13
2019-01-16,article_id,python 自定义图例（legend）,原,2018-09-03 20:05:17,704,0,https://blog.csdn.net/liuchengzimozigreat/article/details/82353298,2019-01-16 21:16:29
2019-01-17,article_id,python 自定义图例（legend）,原,2018-09-03 20:05:17,714,0,https://blog.csdn.net/liuchengzimozigreat/article/details/82353298,2019-01-17 22:53:16
2019-01-18,article_id,python 自定义图例（legend）,原,2018-09-03 20:05:17,720,0,https://blog.csdn.net/liuchengzimozigreat/article/details/82353298,2019-01-18 20:00:32
2019-01-19,article_id,python 自定义图例（legend）,原,2018-09-03 20:05:17,731,0,https://blog.csdn.net/liuchengzimozigreat/article/details/82353298,2019-01-19 20:11:56
2019-02-14,article_id,python 自定义图例（legend）,原,2018-09-03 20:05:17,904,904,https://blog.csdn.net/liuchengzimozigreat/article/details/82353298,2019-02-14 23:01:52
2019-02-15,article_id,python 自定义图例（legend）,原,2018-09-03 20:05:17,910,910,https://blog.csdn.net/liuchengzimozigreat/article/details/82353298,2019-02-15 22:00:07
2019-02-16,article_id,python 自定义图例（legend）,原,2018-09-03 20:05:17,914,914,https://blog.csdn.net/liuchengzimozigreat/article/details/82353298,2019-02-16 19:06:02
2019-03-01,article_id,python 自定义图例（legend）,原,2018-09-03 20:05:17,1073,1073,https://blog.csdn.net/liuchengzimozigreat/article/details/82353298,2019-03-01 10:43:33
2019-03-20,article_id,python 自定义图例（legend）,原,2018-09-03 20:05:17,1448,1448,https://blog.csdn.net/liuchengzimozigreat/article/details/82353298,2019-03-20 19:35:22
2019-03-21,article_id,python 自定义图例（legend）,原,2018-09-03 20:05:17,1460,1460,https://blog.csdn.net/liuchengzimozigreat/article/details/82353298,2019-03-21 17:00:49
2019-03-25,82353298,python 自定义图例（legend）,原,2018-09-03 20:05:17,1550,0,https://blog.csdn.net/liuchengzimozigreat/article/details/82353298,2019-03-25 22:19:49
