date,article_id,article_name,article_type,create_date,read_num,comment_num,article_url,record_time
2018-12-30 00:00:00,85385103,git报错记录与总结,原,2018-12-30 14:05:22,6,0,https://blog.csdn.net/liuchengzimozigreat/article/details/85385103,2018-12-30 14:06:33
2018-12-31 00:00:00,85385103,git报错记录与总结,原,2018-12-30 14:05:22,13,0,https://blog.csdn.net/liuchengzimozigreat/article/details/85385103,2018-12-31 18:45:51
2019-01-01 00:00:00,85385103,git报错记录与总结,原,2018-12-30 14:05:22,18,0,https://blog.csdn.net/liuchengzimozigreat/article/details/85385103,2019-01-01 16:07:03
2019-01-02 00:00:00,85385103,git报错记录与总结,原,2018-12-30 14:05:22,20,0,https://blog.csdn.net/liuchengzimozigreat/article/details/85385103,2019-01-02 16:47:04
2019-01-03 00:00:00,85385103,git报错记录与总结,原,2018-12-30 14:05:22,21,0,https://blog.csdn.net/liuchengzimozigreat/article/details/85385103,2019-01-03 16:15:25
2019-01-04 00:00:00,85385103,git报错记录与总结,原,2018-12-30 14:05:22,21,0,https://blog.csdn.net/liuchengzimozigreat/article/details/85385103,2019-01-04 16:15:54
2019-01-05 00:00:00,85385103,git报错记录与总结,原,2018-12-30 14:05:22,21,0,https://blog.csdn.net/liuchengzimozigreat/article/details/85385103,2019-01-05 20:00:36
2019-01-06 00:00:00,85385103,git报错记录与总结,原,2018-12-30 14:05:22,21,0,https://blog.csdn.net/liuchengzimozigreat/article/details/85385103,2019-01-06 18:54:52
2019-01-07 00:00:00,85385103,git报错记录与总结,原,2018-12-30 14:05:22,21,0,https://blog.csdn.net/liuchengzimozigreat/article/details/85385103,2019-01-07 16:13:04
2019-01-08 00:00:00,85385103,git报错记录与总结,原,2018-12-30 14:05:22,22,0,https://blog.csdn.net/liuchengzimozigreat/article/details/85385103,2019-01-08 17:30:18
2019-01-09 00:00:00,85385103,git报错记录与总结,原,2018-12-30 14:05:22,22,0,https://blog.csdn.net/liuchengzimozigreat/article/details/85385103,2019-01-09 16:33:22
2019-01-10 00:00:00,85385103,git报错记录与总结,原,2018-12-30 14:05:22,22,0,https://blog.csdn.net/liuchengzimozigreat/article/details/85385103,2019-01-10 16:13:49
2019-01-12 00:00:00,85385103,git报错记录与总结,原,2018-12-30 14:05:22,22,0,https://blog.csdn.net/liuchengzimozigreat/article/details/85385103,2019-01-12 19:25:41
2019-01-13 00:00:00,85385103,git报错记录与总结,原,2018-12-30 14:05:22,22,0,https://blog.csdn.net/liuchengzimozigreat/article/details/85385103,2019-01-13 16:20:54
2019-01-14 00:00:00,85385103,git报错记录与总结,原,2018-12-30 14:05:22,22,0,https://blog.csdn.net/liuchengzimozigreat/article/details/85385103,2019-01-14 21:36:24
2019-01-15 00:00:00,85385103,git报错记录与总结,原,2018-12-30 14:05:22,22,0,https://blog.csdn.net/liuchengzimozigreat/article/details/85385103,2019-01-15 21:33:13
2019-01-16 00:00:00,85385103,git报错记录与总结,原,2018-12-30 14:05:22,22,0,https://blog.csdn.net/liuchengzimozigreat/article/details/85385103,2019-01-16 21:16:29
2019-01-17 00:00:00,85385103,git报错记录与总结,原,2018-12-30 14:05:22,22,0,https://blog.csdn.net/liuchengzimozigreat/article/details/85385103,2019-01-17 22:53:16
2019-01-18 00:00:00,85385103,git报错记录与总结,原,2018-12-30 14:05:22,23,0,https://blog.csdn.net/liuchengzimozigreat/article/details/85385103,2019-01-18 20:00:32
2019-01-19 00:00:00,85385103,git报错记录与总结,原,2018-12-30 14:05:22,23,0,https://blog.csdn.net/liuchengzimozigreat/article/details/85385103,2019-01-19 20:11:56
2019-02-14 00:00:00,85385103,git报错记录与总结,原,2018-12-30 14:05:22,25,25,https://blog.csdn.net/liuchengzimozigreat/article/details/85385103,2019-02-14 23:01:52
2019-02-15 00:00:00,85385103,git报错记录与总结,原,2018-12-30 14:05:22,26,26,https://blog.csdn.net/liuchengzimozigreat/article/details/85385103,2019-02-15 22:00:07
2019-02-16 00:00:00,85385103,git报错记录与总结,原,2018-12-30 14:05:22,26,26,https://blog.csdn.net/liuchengzimozigreat/article/details/85385103,2019-02-16 19:06:02
2019-03-01 00:00:00,85385103,git报错记录与总结,原,2018-12-30 14:05:22,27,27,https://blog.csdn.net/liuchengzimozigreat/article/details/85385103,2019-03-01 10:43:33
2019-03-20 00:00:00,85385103,git报错记录与总结,原,2018-12-30 14:05:22,30,30,https://blog.csdn.net/liuchengzimozigreat/article/details/85385103,2019-03-20 19:35:22
2019-03-21 00:00:00,85385103,git报错记录与总结,原,2018-12-30 14:05:22,30,30,https://blog.csdn.net/liuchengzimozigreat/article/details/85385103,2019-03-21 17:00:49
2019-03-25 00:00:00,85385103,git报错记录与总结,原,2018-12-30 14:05:22,30,0,https://blog.csdn.net/liuchengzimozigreat/article/details/85385103,2019-03-25 22:19:49
2019-03-26 00:00:00,85385103,git报错记录与总结,原,2018-12-30 14:05:22,30,0,https://blog.csdn.net/liuchengzimozigreat/article/details/85385103,2019-03-26 22:29:01
2019-03-27 00:00:00,85385103,git报错记录与总结,原,2018-12-30 14:05:22,30,0,https://blog.csdn.net/liuchengzimozigreat/article/details/85385103,2019-03-27 22:56:05
2019-03-28 00:00:00,85385103,git报错记录与总结,原,2018-12-30 14:05:22,31,0,https://blog.csdn.net/liuchengzimozigreat/article/details/85385103,2019-03-28 22:38:52
2019-04-01 00:00:00,85385103,git报错记录与总结,原,2018-12-30 14:05:22,32,0,https://blog.csdn.net/liuchengzimozigreat/article/details/85385103,2019-04-01 23:29:26
2019-04-02 00:00:00,85385103,git报错记录与总结,原,2018-12-30 14:05:22,32,0,https://blog.csdn.net/liuchengzimozigreat/article/details/85385103,2019-04-02 21:40:30
2019-04-03 00:00:00,85385103,git报错记录与总结,原,2018-12-30 14:05:22,33,0,https://blog.csdn.net/liuchengzimozigreat/article/details/85385103,2019-04-03 23:04:46
2019-04-08 00:00:00,85385103,git报错记录与总结,原,2018-12-30 14:05:22,33,0,https://blog.csdn.net/liuchengzimozigreat/article/details/85385103,2019-04-08 09:47:05
2019-04-25 00:00:00,85385103,git报错记录与总结,原,2018-12-30 14:05:22,37,0,https://blog.csdn.net/liuchengzimozigreat/article/details/85385103,2019-04-25 10:24:15
2019-04-29 00:00:00,85385103,git报错记录与总结,原,2018-12-30 14:05:22,37,0,https://blog.csdn.net/liuchengzimozigreat/article/details/85385103,2019-04-29 16:37:20
2019-04-30 00:00:00,85385103,git报错记录与总结,原,2018-12-30 14:05:22,37,0,https://blog.csdn.net/liuchengzimozigreat/article/details/85385103,2019-04-30 22:15:39
2019-05-03 00:00:00,85385103,git报错记录与总结,原,2018-12-30 14:05:22,38,0,https://blog.csdn.net/liuchengzimozigreat/article/details/85385103,2019-05-03 14:06:22
2019-05-06 00:00:00,85385103,git报错记录与总结,原,2018-12-30 14:05:22,38,0,https://blog.csdn.net/liuchengzimozigreat/article/details/85385103,2019-05-06 15:14:50
2019-05-07 00:00:00,85385103,git报错记录与总结,原,2018-12-30 14:05:22,38,0,https://blog.csdn.net/liuchengzimozigreat/article/details/85385103,2019-05-07 15:17:33
2019-05-09 00:00:00,85385103,git报错记录与总结,原,2018-12-30 14:05:22,38,0,https://blog.csdn.net/liuchengzimozigreat/article/details/85385103,2019-05-09 22:55:17
2019-05-12 00:00:00,85385103,git报错记录与总结,原,2018-12-30 14:05:22,38,0,https://blog.csdn.net/liuchengzimozigreat/article/details/85385103,2019-05-12 21:02:12
2019-05-13 00:00:00,85385103,git报错记录与总结,原,2018-12-30 14:05:22,38,0,https://blog.csdn.net/liuchengzimozigreat/article/details/85385103,2019-05-13 19:48:27
2019-05-15 00:00:00,85385103,git报错记录与总结,原,2018-12-30 14:05:22,38,0,https://blog.csdn.net/liuchengzimozigreat/article/details/85385103,2019-05-15 19:12:38
2019-05-16 00:00:00,85385103,git报错记录与总结,原,2018-12-30 14:05:22,38,0,https://blog.csdn.net/liuchengzimozigreat/article/details/85385103,2019-05-16 23:14:42
2019-05-23 00:00:00,85385103,git报错记录与总结,"float-none"">原</span>",2018-12-30 14:05:22,38,0,https://blog.csdn.net/liuchengzimozigreat/article/details/85385103,2019-05-23 22:18:28
2019-05-25 00:00:00,85385103,git报错记录与总结,"float-none"">原</span>",2018-12-30 14:05:22,38,0,https://blog.csdn.net/liuchengzimozigreat/article/details/85385103,2019-05-25 22:40:34
2019-05-26 00:00:00,85385103,git报错记录与总结,"float-none"">原</span>",2018-12-30 14:05:22,38,0,https://blog.csdn.net/liuchengzimozigreat/article/details/85385103,2019-05-26 18:01:03
2019-05-29 00:00:00,85385103,git报错记录与总结,"float-none"">原</span>",2018-12-30 14:05:22,38,0,https://blog.csdn.net/liuchengzimozigreat/article/details/85385103,2019-05-29 22:08:14
2019-05-31 00:00:00,85385103,git报错记录与总结,"float-none"">原</span>",2018-12-30 14:05:22,38,0,https://blog.csdn.net/liuchengzimozigreat/article/details/85385103,2019-05-31 21:16:09
2019-06-01 00:00:00,85385103,git报错记录与总结,"float-none"">原</span>",2018-12-30 14:05:22,38,0,https://blog.csdn.net/liuchengzimozigreat/article/details/85385103,2019-06-01 21:12:13
2019-06-06 00:00:00,85385103,git报错记录与总结,"float-none"">原</span>",2018-12-30 14:05:22,38,0,https://blog.csdn.net/liuchengzimozigreat/article/details/85385103,2019-06-06 22:14:43
2019-06-10 00:00:00,85385103,git报错记录与总结,"float-none"">原</span>",2018-12-30 14:05:22,38,0,https://blog.csdn.net/liuchengzimozigreat/article/details/85385103,2019-06-10 20:40:05
2019-06-17 00:00:00,85385103,git报错记录与总结,"float-none"">原</span>",2018-12-30 14:05:22,39,0,https://blog.csdn.net/liuchengzimozigreat/article/details/85385103,2019-06-17 22:19:35
2019-06-22 00:00:00,85385103,git报错记录与总结,"float-none"">原</span>",2018-12-30 14:05:22,39,0,https://blog.csdn.net/liuchengzimozigreat/article/details/85385103,2019-06-22 21:50:55
2019-06-29 00:00:00,85385103,git报错记录与总结,"float-none"">原</span>",2018-12-30 14:05:22,39,0,https://blog.csdn.net/liuchengzimozigreat/article/details/85385103,2019-06-29 22:02:38
2019-06-30 00:00:00,85385103,git报错记录与总结,"float-none"">原</span>",2018-12-30 14:05:22,39,0,https://blog.csdn.net/liuchengzimozigreat/article/details/85385103,2019-06-30 22:13:53
2019-07-07,85385103,git报错记录与总结,"float-none"">原</span>",2018-12-30 14:05:22,39,0,https://blog.csdn.net/liuchengzimozigreat/article/details/85385103,2019-07-07 19:38:05
